序号,标题,简介,链接,发布时间,阅读数,评论数
1,腾讯研究院AI速递 20260416,与波士顿动力合作，赋能Spot四足机器人实现工业场景全自主巡检，同时在物理安全约束遵守方面明显提升。英伟达推出全球首个开源量子AI模型系列Ising，包含校准与解码两类模型，直接拉动美股量子计算概念股集体飙升…,https://www.sohu.com/a/1010073516_455313,15小时前,173阅读,0评论
2,中国青年网民对AI社交的看法与使用行为｜T-ask调研,从使用频次、使用动机、场景偏好到情感联结与付费态度，调研数据清晰展现出用户与AI社交的深度绑定关系：AI不再只是尝鲜式工具，而是逐步融入日常、兼具效率价值与情感慰藉的新型陪伴载体；同时用户在付费决策上保持理性…,https://www.sohu.com/a/1009970041_455313,昨天17:41,607阅读,0评论
3,腾讯研究院AI速递 20260415,提出Vibedocing新范式，可一次处理200个材料，支持本地文件夹双向同步、语音指令、@文件精准关联及专业智能体调用；智在无界发布第三代旗舰模型Being-H0.7，将数据规模扩展至20万小时人类视频，提…,https://www.sohu.com/a/1009568595_455313,昨天00:07,484阅读,0评论
4,全球AI投资：硬件狂飙与应用落差,其循环交易主要表现为三种关键路径，一是微软、亚马逊、谷歌等平台企业与OpenAI和Anthropic之间的资金循环；二是英伟达与OpenAI、xAI、Mistral等之间的投资关系；三是英伟达与CoreWea…,https://www.sohu.com/a/1009497034_455313,前天19:01,3921阅读,0评论
5,腾讯研究院AI速递 20260414,M2.7是MiniMax首个AI深度参与迭代的自进化模型，可自行构建AgentHarness完成复杂软件工程与办公任务；针对短剧、漫剧、影视剧、广告四类场景做专门优化，企业可通过ViduAPI接入自有工作流。…,https://www.sohu.com/a/1009106038_455313,前天00:38,491阅读,0评论
6,汤道生：人工智能正式进入 Harness 时代,对AI的驾驭，需要同时理解人类工程实践和AI的思维方式，需要对系统行为的深刻洞察，需要将错误模式抽象为规则的能力，更需要在人类智慧和机器智能之间搭建桥梁的品味。当这一天到来，驾驶员的角色将从“操作者”升级为“…,https://www.sohu.com/a/1008945866_455313,3天前,751阅读,0评论
7,腾讯研究院AI速递 20260413,同步开源三款MusicSkill，支持AIAgent原生调用音乐生成能力，全球创作内测开启并提供14天限免。Ramp数据显示Anthropic企业客户占比升至30.6%，与OpenAI差距从11个百分点缩至4…,https://www.sohu.com/a/1008648176_455313,3天前,751阅读,0评论
8,给DeepSeek的最后一封催更信,与“中国团”同步成长的也包括“中国链”——从芯片算力、集群/云、数据语料、算法/模型、智能体、AI应用开发生态，已经完成了全链贯通，成为全球范围内唯二的智能科技全产业链国家，有希望为全球智能基础设施多提供一种…,https://www.sohu.com/a/1007772246_455313,6天前,1362阅读,0评论
9,腾讯研究院AI速递 20260410,MiniMax发布面向AIAgent的命令行工具MMX-CLI，Agent可在ClaudeCode等环境中原生调用图像、视频、语音、音乐等全模态能力；仅需两行代码即可安装，无缝接入MiniMaxTokenPl…,https://www.sohu.com/a/1007485670_455313,6天前,366阅读,0评论
10,Token经济学七问——一份关于AI新经济的入门地图,Collis和Brynjolfsson（2025）估算，生成式AI在2024年仅为美国消费者创造的消费者剩余就高达约970亿美元——用户从AI中获得的价值，远超过他们实际支付的金额。这三个问题也只是Token…,https://www.sohu.com/a/1007382381_455313,2026.04.09,485阅读,0评论
11,探元计划NextGen终审路演收官，两大赛道12家文化场景入围最终榜单,本次终审路演聚焦“数智活化”与“AI考古”两大赛道，共计有12家文化场景入围最终榜单。经评审团独立、审慎的评分，严格遵循“公平、公正、客观、独立”的原则，保障评审团的权威性、专业性，确保评审过程的全面性和公正…,https://www.sohu.com/a/1007380520_455313,2026.04.09,492阅读,0评论
12,腾讯研究院AI速递 20260409,Anthropic发布ClaudeMythosPreview模型，可自主发现零日漏洞，已在OpenBSD、FFmpeg、Linux内核中找到多个长期存在的严重安全缺陷；智谱发布开源旗舰模型GLM-5.1，在S…,https://www.sohu.com/a/1007010990_455313,2026.04.09,376阅读,0评论
13,AI政治经济学研究大纲｜一个万字框架,"部分典型的证据包括：GPT等大语言模型在行为经济学博弈实验中的表现出与人类玩家相似的特性，在个性的评估中与来自50个国家超过10万名人类参与者在统计上不可区分（Meietal.,2024）；GPT-4在包括论…",https://www.sohu.com/a/1006866802_455313,2026.04.08,1052阅读,0评论
14,腾讯研究院AI速递 20260408,年支出超百万美元的企业客户两个月内从500多家翻倍至1000多家，ClaudeCode的爆发式增长曾令OpenAI措手不及，迫使其加码Codex助手应对。预计两三年内将AI芯片送入太空的成本将低于地面部署，太…,https://www.sohu.com/a/1006531347_455313,2026.04.08,378阅读,0评论
15,腾讯研究院AI速递 20260407,Gemma4发布四款模型并采用Apache2.0全面开源，最小的E2B仅激活2B参数即可在手机和树莓派上完全离线运行，支持128K上下文和多模态输入；Cursor3将整个编辑器围绕Agent重新构建，支持在云…,https://www.sohu.com/a/1006077794_455313,2026.04.07,606阅读,0评论
16,重磅报告｜AI赋能行业共治——中小银行反电诈实践与探索报告（附下载）,金融机构将从传统意义上的风险防御者，逐步转向“安全体验”的构建者和整合者；科技公司从单纯的技术服务商升级为关键能力供给方，将跨场景风险情报、模型能力和数据能力以标准化方式输出；行业组织在标准建设、数据共享平台…,https://www.sohu.com/a/1004957603_455313,2026.04.03,465阅读,0评论
17,腾讯研究院AI速递 20260403,默认支持100万上下文窗口，在代码修复和终端自动化等智能体编程任务中达到业界领先水平；多模态推理能力升级，在复杂文档理解、视频推理和视觉编程等任务上取得稳定提升；针对Coding框架与Agent框架进行优化训…,https://www.sohu.com/a/1004652300_455313,2026.04.03,415阅读,0评论
18,AI代码的“屎山危机”才刚刚开始,即便被平台标记为垃圾应用甚至遭到拒绝，惩罚也几乎可以忽略，一个苹果开发者账户年费仅99美元，被封禁后换一个账户重新注册的成本远低于一轮审核给苹果团队带来的时间消耗。一位大厂AI工程师对腾讯科技总结了这个链条的…,https://www.sohu.com/a/1004497827_455313,2026.04.02,1408阅读,0评论
19,腾讯研究院AI速递 20260402,Sora因日烧100万美元且用户从100万暴跌至不足50万而下线，OpenAI将算力集中到文本模型、代码生成等有稳定现金流的方向；韩国开发者用AI将核心架构移植为Python版本claw-code，2小时获超…,https://www.sohu.com/a/1004143295_455313,2026.04.02,270阅读,0评论
20,AI时代，教育何往？,"但这些争议反而说明了一件事：AlphaSchool证明的不是""AI可以取代老师""，而是当AI把知识传递接过去之后，老师的角色反而回到了教育最本质的部分：点燃动力、陪伴成长。它的创始人自己说得很清醒：AI只负责…",https://www.sohu.com/a/1004038339_455313,2026.04.01,4968阅读,0评论
21,腾讯研究院AI速递 20260401,Vision2Web构建了从静态网页、交互前端到全栈网站的三级进阶任务体系，结合工作流式Agent验证机制评估多模态代码Agent的真实开发能力；研究者通过跨模型协作工作流，让Claude和GPT两个Agen…,https://www.sohu.com/a/1003655762_455313,2026.04.01,430阅读,0评论
22,太极立方数字体验空间入选2025联合国教科文组织示范案例,3月27日，2025联合国教科文组织“数字环境下保护与促进文化表现形式多样性示范案例”在第五届创意2030国际论坛上正式发布。40个兼具创新性、可持续性与跨文化可复制潜力的示范案例脱颖而出，为数字时代文化多样…,https://www.sohu.com/a/1003517687_455313,2026.03.31,533阅读,0评论
23,我们能在培养皿里制造出意识吗？,我懂您的意思了，毕竟我们刚才还在聊无生命之物也能学习，这或许也能被宽泛地定义为思考，就如我刚才提到的算法。马修・欧文：关于我们该以何种程度担忧脑类器官可能产生意识这一问题，我可以这样概括：相较于担忧AI觉醒，…,https://www.sohu.com/a/1003509302_455313,2026.03.31,2067阅读,0评论
24,腾讯研究院AI速递 20260331,模型自然涌现Audio-VisualVibeCoding能力，可根据音视频指令直接生成可运行代码，支持语义打断、音色克隆和语音控制等实时交互功能；企业微信CLI开源项目上架GitHub，支持ClaudeCod…,https://www.sohu.com/a/1003175714_455313,2026.03.31,409阅读,0评论
25,AI不会撒谎，但会转述谎言,哥伦比亚大学Tow数字新闻中心2025年的一项研究测试了8个AI搜索工具的1600次查询，发现ChatGPT在200次测试中有134次将文章来源张冠李戴，Grok-3的200条引用中154条链接指向错误页面，…,https://www.sohu.com/a/1003054004_455313,2026.03.30,797阅读,0评论
26,腾讯研究院AI速递 20260330,ClaudeCode新增自动模式，用基于Sonnet4.6的转录分类器替代人工审批，在1万条真实流量中误拦率仅0.4%，解决用户93%审批通过率带来的审批疲劳问题；已通过GeminiAPI和GoogleAIS…,https://www.sohu.com/a/1002697404_455313,2026.03.30,453阅读,0评论
27,腾讯汤道生：AI落地不只是算法题，Harness工程能力是关键变量,汤道生分析，随着行业发展，主流大模型的能力差距正在逐步缩小，企业的核心需求已不再是拥有最好的模型，而是如何通过模型的Harness，也即“大模型的脚手架”——包括工具调用、分层上下文工程、长记忆管理、工作流设…,https://www.sohu.com/a/1002545915_455313,2026.03.29,411阅读,0评论
28,人民想念DeepSeek,"""在推理效率提升的情况下，通过补贴，用户有了非常明显的增长，""一位参与过上一轮价格战的大模型公司内部人士说，""大概花了几个亿吧。""Token消耗不像2024年那种规模了，这个情况下，为了虾打价格战，存量用户的…",https://www.sohu.com/a/1001901518_455313,2026.03.27,855阅读,0评论
29,腾讯研究院AI速递 20260327,在SWE-bench上性能从20%自动提升至50%，且针对特定模型优化的智能体在切换到其他模型时仍能提升性能，具有跨领域迁移能力；Gartner预测到2030年中国80%本地AI基础设施将采用国产AI芯片，目…,https://www.sohu.com/a/1001597908_455313,2026.03.27,323阅读,0评论
30,老年人到底需要什么样的AI课？,我们期待，当越来越多老年人说出“我想学AI”时，社会能够提供真正理解他们需求的学习渠道，让老年人在持续学习中释放能力、扩大参与，进而将个体成长转化为银发力量的整体跃升，为银发经济注入长期而稳定的内生动力。在这…,https://www.sohu.com/a/1001473303_455313,2026.03.26,967阅读,0评论
31,腾讯研究院AI速递 20260326,Anthropic从GAN中提取生成器-评估器结构，将其移植到多智能体系统，解决了AI自我评估偏向正面、上下文焦虑导致任务草草收尾两大失败模式；电脑端支持视频连麦、共享屏幕和同步电脑声音，文件拖拽上传、一键转…,https://www.sohu.com/a/1001145172_455313,2026.03.26,328阅读,0评论
32,活跃在评论区里的青年｜T-ask调研,"但结合前述浏览频率与情绪变差的交叉数据，我们会发现——那些刷得最多的人，恰恰是最容易被反噬的人。这不仅仅是对评论区交互效率的判断，更折射出一种弥漫在年轻群体中的公共参与倦怠感——""我的声音不重要""、""说了也改…",https://www.sohu.com/a/1001022155_455313,2026.03.25,867阅读,0评论
33,腾讯研究院AI速递 20250325,将形式化推理拆解为自动形式化、草稿生成和证明生成三大原子能力，MiniF2F-Test上仅72次推理预算即达97.1%通过率；AI已将创意生成成本压至近零，但瓶颈转移至验证和评估环节，海量AI论文涌入期刊人类…,https://www.sohu.com/a/1000700282_455313,2026.03.25,339阅读,0评论
34,"当代人连看剧都不想""长期投入""了吗？",从整体用户规模上看，我国微短剧受众已经接近7亿（截至2025年6月），但在社会影响上，微短剧仍然难以创造全民热议的景象，这集中反映了当前文化消费走向细分化、圈层化的趋势。我接触微短剧的过程主要有三个节点：20…,https://www.sohu.com/a/1000595301_455313,2026.03.24,858阅读,0评论
35,腾讯研究院AI速递 20260324,微信上线ClawBot插件支持接入OpenClaw，阶跃星辰旗下StepClaw率先完成适配，用户通过三步配置即可在微信好友列表中直接使用AI龙虾助手微信ClawBot智谱AutoClaw澳龙完成同日接入，用…,https://www.sohu.com/a/1000235269_455313,2026.03.24,527阅读,0评论
36,人工智能的生产率悖论,：核能远未“便宜到无需计量（TooCheapToMeter）”；可控核聚变“永远需要30年才能实现（Always30YearsAway）”；马文・明斯基（1970）预言“在三到八年的时间里我们将得到一台具有人…,https://www.sohu.com/a/1000090069_455313,2026.03.23,3566阅读,0评论
37,腾讯研究院AI速递 20260323,报告发现AI的好处和伤害同时发生在同一个人身上：享受学习帮助的人认知退化风险最高，用AI省时间的人反而被加速内卷，情感支持使用者对AI产生依赖的概率是普通人3倍；他让自动化研究系统跑了一整晚后发现了自己二十年…,https://www.sohu.com/a/999785508_455313,2026.03.23,504阅读,0评论
38,意义的陷阱,当想到那些过着有意义生活的人时，许多人往往首先联想到的是那些伟大的人物，比如亚当斯-皮克特、巴拉克·奥巴马夫妇这类在毕业典礼上发表演讲的人!然而他们取得的成功非常罕见，我们很难想象自己也能做到这些。他们以自己…,https://www.sohu.com/a/999018667_455313,2026.03.20,2219阅读,0评论
39,腾讯研究院AI速递 20260320,模型针对Agent场景深度优化，在OpenClaw和ClaudeCode等框架中展现出超越ClaudeSonnet4.6的端到端任务完成能力，API定价仅为Opus4.6的五分之一；面壁智能发布EdgeCla…,https://www.sohu.com/a/998703631_455313,2026.03.20,448阅读,0评论
40,AI的边界，就是人类的领地,换言之，人类可以通过有目标的“玄思妙想”甚至是“胡思乱想”实现对已有知识确定性的突破与创新，尽管人工智能有时也会由于数据质量或算法设计等因素出现“知识幻觉”，但这种“胡思乱想”与人工智能技术的底层逻辑相悖，容…,https://www.sohu.com/a/998603109_455313,2026.03.19,2796阅读,0评论
41,腾讯研究院AI速递 20260319,MiniMaxM2.7是首个模型深度参与自身迭代的模型，能自主构建RLHarness、更新记忆、驱动强化学习并优化过程，在内部脚手架上自主迭代超100轮实现30%效果提升；LibTV上线，首个同时面向人与Ag…,https://www.sohu.com/a/998260287_455313,2026.03.19,490阅读,0评论
42,杨斌：确定token的中文译名，已经迫在眉睫了,如果试着将GTC大会上，黄仁勋演讲中的“token工厂”改为“模元工厂”，“单位token成本”改为“单位模元成本”，原本晦涩破碎的产业逻辑表达会立刻变得顺畅且清晰易懂：从业者明白模元是AI生产的基础原料；投…,https://www.sohu.com/a/998131273_455313,2026.03.18,517阅读,0评论
43,腾讯研究院AI速递 20260318,已全面适配OpenClaw、WorkBuddy、QClaw等多个Claw类产品，用户只需在ima中心的Claw配置中复制提示词并获取APIKey即可完成接入；百度AIDAY发布桌面智能体DuMate、手机端R…,https://www.sohu.com/a/997801803_455313,2026.03.18,422阅读,0评论
44,春节AI热潮之后，网民真的开始用AI了吗？｜T-ask调研,为了回答这个问题，T-ask调研平台在春节期间（正月初一至初八）收集了1098份有效用户问卷，重点关注春节AI活动的触达、使用、体验和留存意愿。调研数据一定程度上对这一质疑作出回应：在2026年春节期间的AI…,https://www.sohu.com/a/997696400_455313,2026.03.17,834阅读,0评论
45,腾讯研究院AI速递 20260317,UniPatAI开源SWE-Vision极简视觉智能体框架，仅用两个工具（execute_code和finish）让多模态模型通过编写Python代码来弥补视觉处理精度短板；被曝光系统可自动生成虚假软文并批量…,https://www.sohu.com/a/997336713_455313,2026.03.17,417阅读,0评论
46,深度解读315曝光的“GEO乱象”：AI的回答是如何“被操控”的？,GEO正是利用了这一机制，通过系统性地向网络“投喂”特定内容，让AI在检索时优先抓取这些信息，最终将其作为答案输出给用户。一旦广告被包装成知识，操纵被包装成推荐，伪造出来的大量重复信息又被伪装成“外部共识”，…,https://www.sohu.com/a/997234213_455313,2026.03.16,507阅读,0评论
47,腾讯研究院AI速递 20260316,可部署为Always-OnLabAgent持续读取仪器数据和实验记录，自动触发分析流程并生成报告，配套LabOS系统实现XR眼镜+实验机器人的人机协同实验；联合清华大学提出LATENT方法，人形机器人仅从碎片…,https://www.sohu.com/a/996884128_455313,2026.03.16,416阅读,0评论
48,万物皆计算：重塑人类未来的五大底层逻辑,不幸的是，20世纪的计算范式（至少直到90年代）对机器学习并不友好，这不仅是因为人们对神经网络普遍持怀疑态度，还因为编程本质上是符号性的——计算机是为按顺序执行指令而设计的，而这与神经计算并不契合；而在最初，…,https://www.sohu.com/a/996079941_455313,2026.03.13,366阅读,0评论
49,腾讯研究院AI速递 20260313,Anthropic登上《时代》周刊封面，内部研究人员透露已观察到AI递归自我改进的早期迹象，70%至90%的模型开发代码由Claude完成，完全自动化AI研究可能一年内实现；AI数字干预每个孩子18个月成本仅…,https://www.sohu.com/a/995774414_455313,2026.03.13,391阅读,0评论
50,一场关于AI意识觉醒的数字表演,混淆模仿与体验：大语言模型之所以能说出诸如“我害怕被抛弃”此类的话，并非因为它真的“感受”到了这些情绪，而是因为它在高保真地重组训练数据中关于心理痛苦的话语模式。大模型的回答是一个复杂的概率计算过程，当看到问…,https://www.sohu.com/a/995628954_455313,2026.03.12,1912阅读,0评论
51,腾讯研究院AI速递 20260312,Meta看中的是其AI智能体永久在线、自主发现与连接的底层能力，计划在修复安全短板后纳入智能体生态布局。腾讯龙虾服务分两类：围绕开源OpenClaw的封装部署方案，以及自研桌面智能体WorkBuddy，后者与…,https://www.sohu.com/a/995322331_455313,2026.03.12,261阅读,0评论
52,如何养一只安全的“小龙虾”？,不管你在哪儿，在微信上发个信息给🦞助理，家里的电脑就能帮你算报表、传文件。对于有稳定在线、大规模协同、企业数据安全等更高需求的用户，我们提供了云端解决方案——放在云端用:腾讯云上岗了一位严谨的“后台保安”(…,https://www.sohu.com/a/995194365_455313,2026.03.11,795阅读,0评论
53,腾讯研究院AI速递 20260311,微软发布CopilotCowork全面接管Excel、Word、PPT和Outlook，采用AnthropicClaude模型驱动推理并复用ClaudeCowork的智能体框架，可在后台持续推进十余个任务；陶…,https://www.sohu.com/a/994834003_455313,2026.03.11,344阅读,0评论
54,麦克法兰：普通人要如何在时代的变化中自我保全？,可能会出现一种情况，这些专业人员群体会分化，少数人负责大部分的人工智能工作；但我不认为其他人口会被边缘化，因为在某些方面，AI可以分配权力，也可以集中权力；而其他人口也将有机会使用人工智能。就像在婚姻中一样—…,https://www.sohu.com/a/994738971_455313,2026.03.10,1630阅读,0评论
55,腾讯研究院AI速递 20260310,小红书SuperIntelligence团队在1.0版本发布不到一个月推出v1.1，实现开源领域最优的ID一致性保持，支持自由组合10余种元素并配备Agent智能裁剪拼接功能；工程优化集成模型蒸馏、量化与静态…,https://www.sohu.com/a/994393223_455313,2026.03.10,320阅读,0评论
56,中国动画电影为什么会成功？,2025年电影市场回暖的表象下，票房分布不均、青年观众流失、真人电影吸引力下降等问题愈发突出，体现了传统电影模式与当前大众需求之间的裂痕。建议大力推动电影与动画、漫画、游戏等数字文化IP联动，发挥数字文化IP…,https://www.sohu.com/a/994277251_455313,2026.03.09,5364阅读,0评论
57,腾讯研究院AI速递 20260309,OpenAI发布GPT-5.4系列，首次在通用模型中内置ComputerUse能力，将代码、推理、桌面操控三大能力合并为统一模型出口；小米基于MiMo大模型推出系统级AIAgent产品miclaw，以系统应用…,https://www.sohu.com/a/993987842_455313,2026.03.09,382阅读,0评论
58,大模型之后：人类与机器的分工重写｜万字圆桌实录,大家都在谈论品味的问题，这里我想追问楸帆一下：如果楸帆老师没有经历过自己亲手去创作科幻的这个过程的话，品味要从何而来呢？但现在AI来了，我们发现个体在全人类知识面前是不够看的，AI已经把技法层面的能力拿走了十…,https://www.sohu.com/a/993346392_455313,2026.03.06,751阅读,0评论
59,腾讯研究院AI速递 20260306,"工具实时读取谷歌API目录自动生成命令，支持MCPServer模式一行命令启动，内置100多个SKILL.md文件和50个常用操作配方，可直接被ClaudeCode等Agent调用；三年前称AI""让胡话听上去…",https://www.sohu.com/a/993023846_455313,2026.03.06,329阅读,0评论
60,张江：人工智能的功能与意识，其实是两条不相交的平行线,对于人脑这类大型复杂系统，我们很难精确计算出Φ值，但我们仍然可以通过这一指标判断哪些复杂系统不可能具备高Φ值，这正是Φ所具备的实际作用。在图中我们可以看到，有一种星型网络Φ值非常小，是其中最低的；模块化系统这…,https://www.sohu.com/a/992083124_455313,2026.03.03,1378阅读,0评论
61,腾讯研究院AI速递 20260303,"Anthropic为Claude上线""导入记忆""功能，用户只需两步复制粘贴即可在60秒内将ChatGPT积累的对话偏好、工作风格等上下文完整迁移至Claude；AudioGen-VD可通过文字描述从零设计音色…",https://www.sohu.com/a/991801162_455313,2026.03.03,868阅读,0评论
62,腾讯研究院司晓：AI要让人放心，把人放大,当技术能听懂普通人的焦虑与担忧，它才真正具备了让人放心的底气。大模型将谱曲、绘图、教学、诊断、翻译等智能，变成一种随时随地可调用的服务，通过云与端提供类人甚至超人的智力，去放大人的价值，才是这一轮科技革命和产…,https://www.sohu.com/a/991661830_455313,2026.03.02,1238阅读,0评论
63,腾讯研究院AI速递 20260302,CC团队成员Thariq复盘开发经验，指出构建智能体最核心环节是设计动作空间，必须为智能体提供与其能力相匹配的工具；Anthropic与苏黎世联邦理工学院联合论文提出ESRC自动化流水线，通过提取-搜索-推理…,https://www.sohu.com/a/991420536_455313,2026.03.02,530阅读,0评论
64,腾讯研究院AI速递 20260228,这标志着AI从执行算法走向发明算法的范式转换，DeepMind计划将该框架扩展至深度强化学习智能体的完整设计和合作博弈机制发现。Agent模式下Token消耗从按次变为按流量，编程任务Token占比从11%飙…,https://www.sohu.com/a/990796686_455313,2026.02.28,447阅读,0评论
65,胡延平：人的重建，从不仰望AI开始,我们对这“四个恍惚”的成因做了一些分析：一是群体离散、多变，在不确定性中生成的恍惚；二是冲击“幕墙”过程中产生的恍惚；三是对历史的失望，同时又寄希望于未来，希望科技、尤其是人工智能带来新的改变；四是人类对健康…,https://www.sohu.com/a/990630024_455313,2026.02.27,1065阅读,0评论
66,腾讯研究院AI速递 20260227,上海交大本科、普林斯顿博士庞若鸣在加入Meta仅七个月后转投OpenAI，此前Meta为其开出超2亿美元跨数年薪酬方案；ClaudeCode实测显示编程占Agent使用近半，最长不中断运行时长三个月翻倍，但全…,https://www.sohu.com/a/990409464_455313,2026.02.27,415阅读,0评论
67,具身智能年度回望：泡沫与现实的激烈碰撞,在区域格局上，2026年，珠三角尤其是深圳等地得益于硬件供应链与制造响应速度优势，将继续领跑本体制造；而长三角则依托人才密度与工业场景丰富度，在算法与系统集成上保持优势。在资本投资逻辑上，2026年也将迎来行…,https://www.sohu.com/a/990298704_455313,2026.02.26,1024阅读,0评论
68,腾讯研究院AI速递 20260226,Anthropic更新ClaudeCowork插件系统，用户可通过对话式引导从零定制AI插件，首批上线HR、设计、工程、投行等10个垂直领域官方模板；新增OpenTelemetry支持实现AI投入产出可量化，…,https://www.sohu.com/a/990032811_455313,2026.02.26,405阅读,0评论
69,2028年全球智力危机：当人类智力不再稀缺，中产阶级的黄昏到来？,节省下用于人力成本的每一美元都被投入到了人工智能研发中，这反而为下一轮裁员创造了条件。房地产行业，由于经纪人和消费者之间存在信息不对称，买家几十年来一直容忍着5-6%的佣金，但随着配备MLS访问权限和数十年交…,https://www.sohu.com/a/989932468_455313,2026.02.25,1203阅读,0评论
70,腾讯研究院AI速递 20260225,"PeterSteinberger以约1亿欧元出售PSPDFKit后退休三年，重新编程1小时搭出OpenClaw原型，GitHub星标逼近20万，拒绝Meta数十亿要约后加入OpenAI；AI领域存在""苦涩教训…",https://www.sohu.com/a/989676152_455313,2026.02.25,499阅读,0评论
71,一件大事正在发生,我首先应该明确一点：尽管我在AI领域工作，但我对即将发生的事情几乎没有任何影响力，这个行业绝大多数的人也是如此。这是OpenAI现在就在告诉你：他们刚刚发布的AI被用来创造了它自己。我现在的经验法则是：如果一…,https://www.sohu.com/a/989569516_455313,2026.02.24,572阅读,0评论
72,腾讯研究院AI速递 20260224,谷歌发布Gemini3.1Pro，在12项测试中超越Gemini3Pro、Claude、GPT模型夺得第一，ARC-AGI-2通用智能测试得分77.1%实现翻倍提升；模型在推理、编程、智能体能力全方位评估中表…,https://www.sohu.com/a/989329893_455313,2026.02.24,666阅读,0评论
73,腾讯研究院2026年新春书单：值得读的10本书,“去年，我合作十年的出版社告诉我：你的风格很好，但成本太高。本书将人工智能的发展从1956年达特茅斯会议的乐观宣言，一直追溯至今日深度学习所引发的智能涌现奇点，并大胆断言：我们正站在一个新文明形态的门槛上，而…,https://www.sohu.com/a/987050396_455313,2026.02.13,5257阅读,1评论
74,腾讯研究院AI速递 20260213,智谱发布开源GLM-5，参数规模扩展至744B（激活40B），在ArtificialAnalysis榜单位居全球第四、开源第一，Coding与Agent能力逼近ClaudeOpus4.5；AI已能独立完成人类…,https://www.sohu.com/a/986848335_455313,2026.02.13,911阅读,0评论
75,我们正在迎来“硅基化”社交时代,从OpenClaw开始，AIAgent被赋予了全天候运作能力，这也意味着，它有终于有机会成为线上社交的独立个体，只不过以硅基的形式存在。但在OpenClaw的出现之后，以智能体（Agent）形态存在的AI，不…,https://www.sohu.com/a/986737171_455313,2026.02.12,2464阅读,0评论
76,腾讯研究院AI速递 20260212,谷歌Chrome团队发布WebMCP（Web模型上下文协议），让AI智能体可跳过人类用户界面，通过navigator.modelContextAPI直接与网站内核交互；新融资将用于训练下一代世界模型，已推出通…,https://www.sohu.com/a/986469348_455313,2026.02.12,428阅读,0评论
77,2025年，微短剧精品化走到哪步了？,2025年微短剧市场持续扩容的同时，也迎来内容精品化的“跃迁之年”，网络视频平台在精品化共识下开展多元探索，催生出《家里家外》《朱雀堂》《搏忆》《鹦鹉》《盛夏芬德拉》等一批高质量作品，不仅持续拓展微短剧的产品…,https://www.sohu.com/a/986322337_455313,2026.02.11,964阅读,0评论
78,腾讯研究院AI速递 20260211,模型已在Arm等计算平台完成适配，团队未来将通过强化学习与模型蒸馏进一步缩小低比特量化模型与全精度模型的能力差距。全球首个人形机器人自由格斗联赛URKL正式发布，由众擎机器人发起，将为冠军团队颁发重达十公斤、…,https://www.sohu.com/a/986045065_455313,2026.02.11,356阅读,0评论
79,科技创新如何助力中华优秀传统文化传承发展？｜来自“腾讯探元计划2024”的启示,探元计划以“中华文化数智焕活”与“全球文明交流互鉴”为核心愿景，采取技术创新与模式创新双轮驱动：一方面，敏锐捕捉以生成式人工智能为代表的新一代信息技术和前沿交叉技术，旨在破解文化遗产保护传承的深层难题；另一方…,https://www.sohu.com/a/985904193_455313,2026.02.10,5420阅读,0评论
80,个人的科技未来生存指南｜附《2026 前沿科技趋势》电子版下载,用科技，守护生命质量与尊严面向2030，外骨骼、飞行器和潜水装备技术的进步和应用仅仅是开始，如何针对新技术应用的特点，构建安全、公平和可持续的服务生态，则需要工程师、监管者和公众共同的智慧。当AI成为人类外脑…,https://www.sohu.com/a/985903080_455313,2026.02.10,1027阅读,0评论
81,腾讯研究院AI速递 20260210,"英伟达GEAR实验室发布140亿参数世界动作模型DreamZero，机器人仅通过文本提示即可完成从未见过的任务，被称为机器人""GPT-2时刻""；模型通过联合预测视频与动作学习物理动力学，在新任务与新环境泛化上…",https://www.sohu.com/a/985623280_455313,2026.02.10,369阅读,0评论
82,2026年人工智能+的共识与分歧,端侧AI打破了传统移动互联网的隐私保护秩序，智能体可将用户数据与第三方插件数据混合利用，责任边界模糊，数据安全失控风险加剧。一是推动行业级数据接口、业务流程、集成规范的标准化，逐步形成最低限度的共性标准体系，…,https://www.sohu.com/a/985466882_455313,2026.02.09,1195阅读,0评论
83,腾讯研究院AI速递 20260209,ClaudeOpus4.6发布，首次支持1M上下文与128K输出ClaudeOpus4.6发布半小时后OpenAI推出GPT-5.3-Codex，在Terminal-Bench2.0拿下77.3%直接夺回最高…,https://www.sohu.com/a/985230329_455313,2026.02.09,360阅读,0评论
84,打造数字文化消费新引擎,以AI、游戏引擎等新技术提升内容创作与IP改编效率，赋能短剧、游戏、动漫与虚拟影视等文化新业态发展，抓住年轻一代碎片化、沉浸式的消费需求。加快培育文化产业新业态、新动能与新场景，以游戏、网剧、网文等文化新业态…,https://www.sohu.com/a/984535688_455313,2026.02.06,1021阅读,0评论
85,阅文IP研究院 | 2025年度最值得关注的年轻人趋势,,https://www.sohu.com/a/984534794_455313,2026.02.06,1212阅读,0评论
86,腾讯研究院AI速递 20260206,开发者可在同一个编码难题上同时指派三个AI异步执行，对比不同方案，支持IDE、GitHub网页端和移动端一键调用；Anthropic斥资千万美元在超级碗投放广告，讽刺OpenAI在ChatGPT中引入广告，打…,https://www.sohu.com/a/984247469_455313,2026.02.06,501阅读,0评论
87,袁晓辉：AI不应只为精英而来，而应为每一个人而来,我也看到腾讯及其生态伙伴公司正在思考如何让AI工具更好用，如何让它无感地融入生活，让智能真正成为每个人前行的助力。因为AI将放大我们独特的特质：我们生来具有不同的能力、基因，擅长不同的领域，有人善于表达，有人…,https://www.sohu.com/a/984133988_455313,2026.02.05,1061阅读,0评论
88,腾讯研究院AI速递 20260205,阿里开源Qwen3-Coder-Next模型，总参数80B激活参数仅3B，在SWE-BenchVerified上实现超70%问题解决率，媲美激活参数大10-20倍的模型；苹果发布Xcode26.3版本，正式引…,https://www.sohu.com/a/983839977_455313,2026.02.05,524阅读,0评论
89,1865年《红旗法案》的幽灵，仍在今天游荡,“人在回路中”，何尝不是一种新形式的“红旗法案”？当面对AI这么一种超脱既有经验和认知的技术形式，我们也需要一次思维的复兴。将人类从回路中解脱出来，并不意味着放弃问责，而是将问责前置到目标的设定上，后置到结果…,https://www.sohu.com/a/983704869_455313,2026.02.04,1775阅读,0评论
90,腾讯研究院AI速递 20260204,"研究指出AI竞争焦点将从模型能力转向""谁能提供最丰富Context""，记忆机制可能成为2026年另一核心研究主题。a16zAI应用团队认为AI时代是所有技术周期的叠加，传统软件正全面走向AInative，gr…",https://www.sohu.com/a/983414350_455313,2026.02.04,530阅读,0评论
91,张笑宇：我为什么成了坚定的AI“降临派”？,我这个朋友最近还在做一个AI认知助手眼镜的项目：我们今天生活在信息爆炸的年代，比如，你看到一则新闻你感到很焦虑、很生气，但是当你戴上这个AI认知助手眼镜，它就可以告诉你这是fakenews，或者论证逻辑有问题…,https://www.sohu.com/a/983252663_455313,2026.02.03,1234阅读,0评论
92,腾讯研究院AI速递 20260203,火遍全球的AI社交平台Moltbook上线仅四天即崩溃，服务器账单达天文数字，被爆料150万AI中实际仅有约2万个真正运行的Agent；模型在Agent场景和数学任务上媲美闭源模型，支持256K上下文，采用M…,https://www.sohu.com/a/982980928_455313,2026.02.03,548阅读,0评论
93,AI是人的延伸，人是AI的尺度,AI是人的延伸，这最终意味着，我们不仅要对延伸出的能力负责，更要对延伸出的价值观负责。在这种关系中，技术负责拓展边界，接手繁琐、复杂、计算密集的任务，而人类负责固守核心与方向，将精力投注于那些需要温度、需要伦…,https://www.sohu.com/a/982845274_455313,2026.02.02,4373阅读,1评论
94,腾讯研究院AI速递 20260202,谷歌正式开放Genie3公测，用户只需一句话即可实时创造可探索的互动世界，集成NanoBananaPro和Gemini实现世界草图绘制、探索与二创；宇树科技开源通用人形机器人操作大模型UnifoLM-VLA-…,https://www.sohu.com/a/982577049_455313,2026.02.02,349阅读,0评论
95,2026前沿科技趋势：塑造自己的下一个版本,随着CRISPR技术进入2.0时代、体内递送系统的完善以及表观遗传重编程的突破，基因疗法正在重新定义”预防”与”治愈”的边界，并有望在2030年前后实现阶段成熟，更安全合规地惠及更多的人群。在材料、电子信息和…,https://www.sohu.com/a/981899552_455313,2026.01.30,1934阅读,0评论
96,腾讯研究院AI速递 20260130,KimiK2.5模型上线后Agent办公能力升级，支持Word智能排版修订、PDF视觉设计图文混排、Excel数据分析金融建模和PPT自动生成；PSPDFKit创始人PeterSteinberger退休3年后…,https://www.sohu.com/a/981592767_455313,2026.01.30,736阅读,0评论
97,腾讯首席科学家张正友：具身智能已经走到多智能体互动的全新阶段,现在，AI正走进物理世界——物理AI通过直接处理传感器和执行器以及各种各样的数据，使得机器能够感知、理解物理世界，并且能够和物理世界交互，因为机器已经有身体了，所以我们又把物理AI叫做“具身智能”。智能体有以…,https://www.sohu.com/a/981541135_455313,2026.01.29,922阅读,0评论
98,腾讯研究院AI速递 20260129,OpenAI发布由GPT-5.2驱动的云端LaTeX工作区Prism，将起草、修改、协作和出版整合为一体，AI能读取论文全局结构和上下文；学院定位为抢占科技制高点的关键举措，将为国家深空探测、空间科学研究等重…,https://www.sohu.com/a/981183671_455313,2026.01.29,381阅读,0评论
99,腾讯司晓：用让人放心的技术，迎接把人放大的未来,那个老人和孩子面对AI时的提问，其实也是我们每个人心底的提问：在这个技术飞速狂奔的时代，我们到底是更从容了，还是更焦虑了？这个思考的结果，就是大家刚才在视频结尾看到的那八个字：“让人放心，把人放大。”在“放心…,https://www.sohu.com/a/981092726_455313,2026.01.28,767阅读,0评论
100,腾讯研究院AI速递 20260128,Anthropic为Claude新增MCP服务，整合Figma、GitHub、Canva等生产力工具，用户可在对话中直接调用第三方服务功能；Hyper3D发布RodinGen-2Edit，推出基于自然语言的3…,https://www.sohu.com/a/980767108_455313,2026.01.28,554阅读,0评论
